
{
	"allowSleep" : true,
	"autoClearForces" : true,
	"body" : 
	[
		
		{
			"angle" : 0,
			"angularVelocity" : 0,
			"awake" : true,
			"linearVelocity" : 0,
			"massData-mass" : 1,
			"name" : "barrel",
			"position" : 0,
			"type" : 2
		},
		
		{
			"angle" : 0,
			"angularVelocity" : 0,
			"awake" : true,
			"fixture" : 
			[
				
				{
					"density" : 1,
					"friction" : 0.2,
					"name" : "fixture1",
					"polygon" : 
					{
						"vertices" : 
						{
							"x" : 
							[
								0.4994986653327942,
								-0.4974709749221802,
								-0.4987819194793701,
								0.4982857704162598
							],
							"y" : 
							[
								-0.0004930123686790466,
								0.0003479868173599243,
								-0.5014102458953857,
								-0.5005283951759338
							]
						}
					}
				},
				
				{
					"circle" : 
					{
						"center" : 0,
						"radius" : 0.5
					},
					"density" : 1,
					"friction" : 0.2,
					"name" : "fixture0"
				}
			],
			"linearVelocity" : 0,
			"name" : "turretBase",
			"position" : 0,
			"type" : 0
		}
	],
	"collisionbitplanes" : 
	{
		"names" : 
		[
			"bitplane1",
			"bitplane2",
			"bitplane3",
			"bitplane4",
			"bitplane5",
			"bitplane6",
			"bitplane7",
			"bitplane8",
			"bitplane9",
			"bitplane10",
			"bitplane11",
			"bitplane12",
			"bitplane13",
			"bitplane14",
			"bitplane15",
			"bitplane16",
			"bitplane17",
			"bitplane18",
			"bitplane19",
			"bitplane20",
			"bitplane21",
			"bitplane22",
			"bitplane23",
			"bitplane24",
			"bitplane25",
			"bitplane26",
			"bitplane27",
			"bitplane28",
			"bitplane29",
			"bitplane30",
			"bitplane31",
			"bitplane32"
		]
	},
	"continuousPhysics" : true,
	"gravity" : 
	{
		"x" : 0,
		"y" : -10
	},
	"image" : 
	[
		
		{
			"aspectScale" : 1,
			"body" : 1,
			"center" : 0,
			"corners" : 
			{
				"x" : 
				[
					-0.4987531304359436,
					0.4987531304359436,
					0.4987531304359436,
					-0.4987531304359436
				],
				"y" : [ -0.5, -0.5, 0.5, 0.5 ]
			},
			"file" : "../turretBase.png",
			"filter" : 1,
			"glDrawElements" : [ 0, 1, 2, 2, 3, 0 ],
			"glTexCoordPointer" : [ 0.0, 0.0, 1, 0.0, 1, 1, 0.0, 1 ],
			"glVertexPointer" : 
			[
				-0.4987531304359436,
				-0.5,
				0.4987531304359436,
				-0.5,
				0.4987531304359436,
				0.5,
				-0.4987531304359436,
				0.5
			],
			"name" : "image0",
			"opacity" : 1,
			"scale" : 1
		},
		
		{
			"aspectScale" : 1,
			"body" : -1,
			"center" : 
			{
				"x" : 3.884802572429180e-005,
				"y" : 0.3431318402290344
			},
			"corners" : 
			{
				"x" : 
				[
					-0.1562111526727676,
					0.1562888473272324,
					0.1562888473272324,
					-0.1562111526727676
				],
				"y" : 
				[
					-0.1568681597709656,
					-0.1568681597709656,
					0.8431318402290344,
					0.8431318402290344
				]
			},
			"file" : "../barrel.png",
			"filter" : 1,
			"glDrawElements" : [ 0, 1, 2, 2, 3, 0 ],
			"glTexCoordPointer" : [ 0.0, 0.0, 1, 0.0, 1, 1, 0.0, 1 ],
			"glVertexPointer" : 
			[
				-0.1562111526727676,
				-0.1568681597709656,
				0.1562888473272324,
				-0.1568681597709656,
				0.1562888473272324,
				0.8431318402290344,
				-0.1562111526727676,
				0.8431318402290344
			],
			"name" : "image1",
			"opacity" : 0.5,
			"renderOrder" : 1,
			"scale" : 1
		}
	],
	"joint" : 
	[
		
		{
			"anchorA" : 0,
			"anchorB" : 0,
			"bodyA" : 0,
			"bodyB" : 1,
			"enableLimit" : true,
			"enableMotor" : false,
			"jointSpeed" : 0,
			"lowerLimit" : 0.1745329201221466,
			"maxMotorTorque" : 0,
			"motorSpeed" : 0,
			"name" : "joint0",
			"refAngle" : 0,
			"type" : "revolute",
			"upperLimit" : 2.967059612274170
		}
	],
	"positionIterations" : 3,
	"stepsPerSecond" : 60.0,
	"subStepping" : false,
	"velocityIterations" : 8,
	"warmStarting" : true
}
